{
"lengthUnit": "mil",
"remark": [],
"components": {
	"fields": ["COMPONENT_NO", "COMPONENT_NAME", "LAYER", "X_COORDINATE", "Y_COORDINATE", "ANGLE"],
	"rows": [
		[1, "Cin", "T", 1215, -1745, 180],
		[2, "Cout", "T", 1200, -1505, 180],
		[3, "ESP8266-01", "T", 1075, -815, 0],
		[4, "Headers", "T", 800, -1440, 90],
		[5, "REG1117", "T", 1200, -1195, 180],
		[6, "U3", "T", 1065, -2185, 0],
		[7, "PAD1", "T", 1313.425, -1785.355, 0],
		[8, "PAD1", "B", 1313.425, -1785.355, 0],
		[9, "PAD2", "T", 1116.575, -1704.645, 0],
		[10, "PAD2", "B", 1116.575, -1704.645, 0],
		[11, "PAD3", "T", 1298.425, -1545.355, 0],
		[12, "PAD3", "B", 1298.425, -1545.355, 0],
		[13, "PAD4", "T", 1101.575, -1464.645, 0],
		[14, "PAD4", "B", 1101.575, -1464.645, 0],
		[15, "PAD5", "T", 1225, -865, 0],
		[16, "PAD5", "B", 1225, -865, 0],
		[17, "PAD6", "T", 1225, -765, 0],
		[18, "PAD6", "B", 1225, -765, 0],
		[19, "PAD7", "T", 1125, -865, 0],
		[20, "PAD7", "B", 1125, -865, 0],
		[21, "PAD8", "T", 1125, -765, 0],
		[22, "PAD8", "B", 1125, -765, 0],
		[23, "PAD9", "T", 1025, -865, 0],
		[24, "PAD9", "B", 1025, -865, 0],
		[25, "PAD10", "T", 1025, -765, 0],
		[26, "PAD10", "B", 1025, -765, 0],
		[27, "PAD11", "T", 925, -865, 0],
		[28, "PAD11", "B", 925, -865, 0],
		[29, "PAD12", "T", 925, -765, 0],
		[30, "PAD12", "B", 925, -765, 0],
		[31, "PAD13", "T", 799.996, -1686.059, 0],
		[32, "PAD13", "B", 799.996, -1686.059, 0],
		[33, "PAD14", "T", 799.996, -1587.639, 0],
		[34, "PAD14", "B", 799.996, -1587.639, 0],
		[35, "PAD15", "T", 799.996, -1489.209, 0],
		[36, "PAD15", "B", 799.996, -1489.209, 0],
		[37, "PAD16", "T", 799.996, -1390.789, 0],
		[38, "PAD16", "B", 799.996, -1390.789, 0],
		[39, "PAD17", "T", 799.996, -1292.359, 0],
		[40, "PAD17", "B", 799.996, -1292.359, 0],
		[41, "PAD18", "T", 799.996, -1193.939, 0],
		[42, "PAD18", "B", 799.996, -1193.939, 0],
		[43, "PAD19", "T", 1087.5, -1104.45, 0],
		[44, "PAD20", "T", 1087.5, -1195, 0],
		[45, "PAD21", "T", 1087.5, -1285.55, 0],
		[46, "PAD22", "T", 1312.5, -1195, 0],
		[47, "PAD23", "T", 1064.995, -2076.73, 0],
		[48, "PAD23", "B", 1064.995, -2076.73, 0],
		[49, "PAD24", "T", 1163.425, -2076.73, 0],
		[50, "PAD24", "B", 1163.425, -2076.73, 0]
	]
},
"pins": {
	"fields": ["PIN_NO", "PIN_NAME", "PIN_X", "PIN_Y", "LAYER", "PIN_TYPE", "NET_NAME", "NET_TYPE", "PAD_SHAPE", "PAD_SIZEX", "PAD_SIZEY", "HOLE_SIZE", "HOLE_LEN", "PAD_ANGLE"],
	"rows": [
		[1, "Cin_1", 1313.425, -1785.355, "T", "DIP", "GND", "GND", "C", 47.244, 47.244, 23.622, 23.622, 180],
		[2, "Cin_1", 1313.425, -1785.355, "B", "DIP", "GND", "GND", "C", 47.244, 47.244, 23.622, 23.622, 180],
		[3, "Cin_2", 1116.575, -1704.645, "T", "DIP", "IN", "", "C", 47.244, 47.244, 23.622, 23.622, 180],
		[4, "Cin_2", 1116.575, -1704.645, "B", "DIP", "IN", "", "C", 47.244, 47.244, 23.622, 23.622, 180],
		[5, "Cout_1", 1298.425, -1545.355, "T", "DIP", "GND", "GND", "C", 47.244, 47.244, 23.622, 23.622, 180],
		[6, "Cout_1", 1298.425, -1545.355, "B", "DIP", "GND", "GND", "C", 47.244, 47.244, 23.622, 23.622, 180],
		[7, "Cout_2", 1101.575, -1464.645, "T", "DIP", "3V3", "", "C", 47.244, 47.244, 23.622, 23.622, 180],
		[8, "Cout_2", 1101.575, -1464.645, "B", "DIP", "3V3", "", "C", 47.244, 47.244, 23.622, 23.622, 180],
		[9, "ESP8266-01_1", 925, -765, "T", "DIP", "GND", "GND", "R", 60, 60, 36, 36, 0],
		[10, "ESP8266-01_1", 925, -765, "B", "DIP", "GND", "GND", "R", 60, 60, 36, 36, 0],
		[11, "ESP8266-01_2", 1025, -765, "T", "DIP", "NET2", "", "C", 60, 60, 36, 36, 0],
		[12, "ESP8266-01_2", 1025, -765, "B", "DIP", "NET2", "", "C", 60, 60, 36, 36, 0],
		[13, "ESP8266-01_3", 1125, -765, "T", "DIP", "NET3", "", "C", 60, 60, 36, 36, 0],
		[14, "ESP8266-01_3", 1125, -765, "B", "DIP", "NET3", "", "C", 60, 60, 36, 36, 0],
		[15, "ESP8266-01_4", 1225, -765, "T", "DIP", "NET4", "", "C", 60, 60, 36, 36, 0],
		[16, "ESP8266-01_4", 1225, -765, "B", "DIP", "NET4", "", "C", 60, 60, 36, 36, 0],
		[17, "ESP8266-01_5", 925, -865, "T", "DIP", "NET12", "", "C", 60, 60, 36, 36, 0],
		[18, "ESP8266-01_5", 925, -865, "B", "DIP", "NET12", "", "C", 60, 60, 36, 36, 0],
		[19, "ESP8266-01_6", 1025, -865, "T", "DIP", "NET11", "", "C", 60, 60, 36, 36, 0],
		[20, "ESP8266-01_6", 1025, -865, "B", "DIP", "NET11", "", "C", 60, 60, 36, 36, 0],
		[21, "ESP8266-01_7", 1125, -865, "T", "DIP", "NET10", "", "C", 60, 60, 36, 36, 0],
		[22, "ESP8266-01_7", 1125, -865, "B", "DIP", "NET10", "", "C", 60, 60, 36, 36, 0],
		[23, "ESP8266-01_8", 1225, -865, "T", "DIP", "3V3", "", "C", 60, 60, 36, 36, 0],
		[24, "ESP8266-01_8", 1225, -865, "B", "DIP", "3V3", "", "C", 60, 60, 36, 36, 0],
		[25, "Headers_1", 799.996, -1686.059, "T", "DIP", "IN1", "", "R", 70.866, 70.866, 47.244, 47.244, 90],
		[26, "Headers_1", 799.996, -1686.059, "B", "DIP", "IN1", "", "R", 70.866, 70.866, 47.244, 47.244, 90],
		[27, "Headers_2", 799.996, -1587.639, "T", "DIP", "GND", "GND", "C", 70.866, 70.866, 47.244, 47.244, 90],
		[28, "Headers_2", 799.996, -1587.639, "B", "DIP", "GND", "GND", "C", 70.866, 70.866, 47.244, 47.244, 90],
		[29, "Headers_3", 799.996, -1489.209, "T", "DIP", "IN1", "", "C", 70.866, 70.866, 47.244, 47.244, 90],
		[30, "Headers_3", 799.996, -1489.209, "B", "DIP", "IN1", "", "C", 70.866, 70.866, 47.244, 47.244, 90],
		[31, "Headers_4", 799.996, -1390.789, "T", "DIP", "3V3", "", "C", 70.866, 70.866, 47.244, 47.244, 90],
		[32, "Headers_4", 799.996, -1390.789, "B", "DIP", "3V3", "", "C", 70.866, 70.866, 47.244, 47.244, 90],
		[33, "Headers_5", 799.996, -1292.359, "T", "DIP", "3V3", "", "C", 70.866, 70.866, 47.244, 47.244, 90],
		[34, "Headers_5", 799.996, -1292.359, "B", "DIP", "3V3", "", "C", 70.866, 70.866, 47.244, 47.244, 90],
		[35, "Headers_6", 799.996, -1193.939, "T", "DIP", "GND", "GND", "C", 70.866, 70.866, 47.244, 47.244, 90],
		[36, "Headers_6", 799.996, -1193.939, "B", "DIP", "GND", "GND", "C", 70.866, 70.866, 47.244, 47.244, 90],
		[37, "REG1117_1", 1087.5, -1104.45, "T", "SMD", "GND", "GND", "R", 97.047, 41.339, 0, 0, 180],
		[38, "REG1117_2", 1087.5, -1195, "T", "SMD", "3V3", "", "R", 97.047, 41.339, 0, 0, 180],
		[39, "REG1117_3", 1087.5, -1285.55, "T", "SMD", "IN", "", "R", 97.047, 41.339, 0, 0, 180],
		[40, "REG1117_4", 1312.5, -1195, "T", "SMD", "3V3", "", "R", 97.047, 139.37, 0, 0, 180],
		[41, "U3_1", 966.575, -2293.27, "T", "DIP", "NET_1", "", "C", 62.992, 62.992, 39.37, 39.37, 0],
		[42, "U3_1", 966.575, -2293.27, "B", "DIP", "NET_1", "", "C", 62.992, 62.992, 39.37, 39.37, 0],
		[43, "U3_2", 1064.995, -2293.27, "T", "DIP", "NET_2", "", "C", 62.992, 62.992, 39.37, 39.37, 0],
		[44, "U3_2", 1064.995, -2293.27, "B", "DIP", "NET_2", "", "C", 62.992, 62.992, 39.37, 39.37, 0],
		[45, "U3_3", 1163.425, -2293.27, "T", "DIP", "NET_3", "", "C", 62.992, 62.992, 39.37, 39.37, 0],
		[46, "U3_3", 1163.425, -2293.27, "B", "DIP", "NET_3", "", "C", 62.992, 62.992, 39.37, 39.37, 0],
		[47, "U3_4", 966.575, -2076.73, "T", "DIP", "NET_4", "", "C", 62.992, 62.992, 39.37, 39.37, 0],
		[48, "U3_4", 966.575, -2076.73, "B", "DIP", "NET_4", "", "C", 62.992, 62.992, 39.37, 39.37, 0],
		[49, "U3_5", 1064.995, -2076.73, "T", "DIP", "IN1", "", "C", 62.992, 62.992, 39.37, 39.37, 0],
		[50, "U3_5", 1064.995, -2076.73, "B", "DIP", "IN1", "", "C", 62.992, 62.992, 39.37, 39.37, 0],
		[51, "U3_6", 1163.425, -2076.73, "T", "DIP", "IN", "", "C", 62.992, 62.992, 39.37, 39.37, 0],
		[52, "U3_6", 1163.425, -2076.73, "B", "DIP", "IN", "", "C", 62.992, 62.992, 39.37, 39.37, 0],
		[53, "PAD1_1", 1313.425, -1785.355, "T", "DIP", "GND", "GND", "C", 47.244, 47.244, 23.622, 23.622, 180],
		[54, "PAD1_1", 1313.425, -1785.355, "B", "DIP", "GND", "GND", "C", 47.244, 47.244, 23.622, 23.622, 180],
		[55, "PAD2_2", 1116.575, -1704.645, "T", "DIP", "IN", "", "C", 47.244, 47.244, 23.622, 23.622, 180],
		[56, "PAD2_2", 1116.575, -1704.645, "B", "DIP", "IN", "", "C", 47.244, 47.244, 23.622, 23.622, 180],
		[57, "PAD3_1", 1298.425, -1545.355, "T", "DIP", "GND", "GND", "C", 47.244, 47.244, 23.622, 23.622, 180],
		[58, "PAD3_1", 1298.425, -1545.355, "B", "DIP", "GND", "GND", "C", 47.244, 47.244, 23.622, 23.622, 180],
		[59, "PAD4_2", 1101.575, -1464.645, "T", "DIP", "3V3", "", "C", 47.244, 47.244, 23.622, 23.622, 180],
		[60, "PAD4_2", 1101.575, -1464.645, "B", "DIP", "3V3", "", "C", 47.244, 47.244, 23.622, 23.622, 180],
		[61, "PAD5_8", 1225, -865, "T", "DIP", "3V3", "", "C", 60, 60, 36, 36, 0],
		[62, "PAD5_8", 1225, -865, "B", "DIP", "3V3", "", "C", 60, 60, 36, 36, 0],
		[63, "PAD6_4", 1225, -765, "T", "DIP", "NET4", "", "C", 60, 60, 36, 36, 0],
		[64, "PAD6_4", 1225, -765, "B", "DIP", "NET4", "", "C", 60, 60, 36, 36, 0],
		[65, "PAD7_7", 1125, -865, "T", "DIP", "NET10", "", "C", 60, 60, 36, 36, 0],
		[66, "PAD7_7", 1125, -865, "B", "DIP", "NET10", "", "C", 60, 60, 36, 36, 0],
		[67, "PAD8_3", 1125, -765, "T", "DIP", "NET3", "", "C", 60, 60, 36, 36, 0],
		[68, "PAD8_3", 1125, -765, "B", "DIP", "NET3", "", "C", 60, 60, 36, 36, 0],
		[69, "PAD9_6", 1025, -865, "T", "DIP", "NET11", "", "C", 60, 60, 36, 36, 0],
		[70, "PAD9_6", 1025, -865, "B", "DIP", "NET11", "", "C", 60, 60, 36, 36, 0],
		[71, "PAD10_2", 1025, -765, "T", "DIP", "NET2", "", "C", 60, 60, 36, 36, 0],
		[72, "PAD10_2", 1025, -765, "B", "DIP", "NET2", "", "C", 60, 60, 36, 36, 0],
		[73, "PAD11_5", 925, -865, "T", "DIP", "NET12", "", "C", 60, 60, 36, 36, 0],
		[74, "PAD11_5", 925, -865, "B", "DIP", "NET12", "", "C", 60, 60, 36, 36, 0],
		[75, "PAD12_1", 925, -765, "T", "DIP", "GND", "GND", "R", 60, 60, 36, 36, 0],
		[76, "PAD12_1", 925, -765, "B", "DIP", "GND", "GND", "R", 60, 60, 36, 36, 0],
		[77, "PAD13_1", 799.996, -1686.059, "T", "DIP", "IN1", "", "R", 70.866, 70.866, 47.244, 47.244, 90],
		[78, "PAD13_1", 799.996, -1686.059, "B", "DIP", "IN1", "", "R", 70.866, 70.866, 47.244, 47.244, 90],
		[79, "PAD14_2", 799.996, -1587.639, "T", "DIP", "GND", "GND", "C", 70.866, 70.866, 47.244, 47.244, 90],
		[80, "PAD14_2", 799.996, -1587.639, "B", "DIP", "GND", "GND", "C", 70.866, 70.866, 47.244, 47.244, 90],
		[81, "PAD15_3", 799.996, -1489.209, "T", "DIP", "IN1", "", "C", 70.866, 70.866, 47.244, 47.244, 90],
		[82, "PAD15_3", 799.996, -1489.209, "B", "DIP", "IN1", "", "C", 70.866, 70.866, 47.244, 47.244, 90],
		[83, "PAD16_4", 799.996, -1390.789, "T", "DIP", "3V3", "", "C", 70.866, 70.866, 47.244, 47.244, 90],
		[84, "PAD16_4", 799.996, -1390.789, "B", "DIP", "3V3", "", "C", 70.866, 70.866, 47.244, 47.244, 90],
		[85, "PAD17_5", 799.996, -1292.359, "T", "DIP", "3V3", "", "C", 70.866, 70.866, 47.244, 47.244, 90],
		[86, "PAD17_5", 799.996, -1292.359, "B", "DIP", "3V3", "", "C", 70.866, 70.866, 47.244, 47.244, 90],
		[87, "PAD18_6", 799.996, -1193.939, "T", "DIP", "GND", "GND", "C", 70.866, 70.866, 47.244, 47.244, 90],
		[88, "PAD18_6", 799.996, -1193.939, "B", "DIP", "GND", "GND", "C", 70.866, 70.866, 47.244, 47.244, 90],
		[89, "PAD19_1", 1087.5, -1104.45, "T", "SMD", "GND", "GND", "R", 97.047, 41.339, 0, 0, 180],
		[90, "PAD20_2", 1087.5, -1195, "T", "SMD", "3V3", "", "R", 97.047, 41.339, 0, 0, 180],
		[91, "PAD21_3", 1087.5, -1285.55, "T", "SMD", "IN", "", "R", 97.047, 41.339, 0, 0, 180],
		[92, "PAD22_4", 1312.5, -1195, "T", "SMD", "3V3", "", "R", 97.047, 139.37, 0, 0, 180],
		[93, "PAD23_5", 1064.995, -2076.73, "T", "DIP", "IN1", "", "C", 62.992, 62.992, 39.37, 39.37, 0],
		[94, "PAD23_5", 1064.995, -2076.73, "B", "DIP", "IN1", "", "C", 62.992, 62.992, 39.37, 39.37, 0],
		[95, "PAD24_6", 1163.425, -2076.73, "T", "DIP", "IN", "", "C", 62.992, 62.992, 39.37, 39.37, 0],
		[96, "PAD24_6", 1163.425, -2076.73, "B", "DIP", "IN", "", "C", 62.992, 62.992, 39.37, 39.37, 0]
	]
}
}